"N°","Heure","30mn"
4,,00:30:00
5,00:05:00,00:30:00
6,00:10:00,00:30:00
7,00:15:00,00:30:00
8,00:20:00,00:30:00
9,00:25:00,00:30:00
10,00:30:00,00:30:00
11,00:35:00,00:30:00
12,00:40:00,00:30:00
13,00:45:00,00:30:00
14,00:50:00,00:30:00
15,00:55:00,00:30:00
16,01:00:00,00:30:00
17,01:05:00,00:30:00
18,01:10:00,00:30:00
19,01:15:00,00:30:00
20,01:20:00,00:30:00
21,01:25:00,00:30:00
22,01:30:00,00:30:00
23,01:35:00,00:30:00
24,01:40:00,00:30:00
25,01:45:00,00:30:00
26,01:50:00,00:30:00
27,01:55:00,00:30:00
28,02:00:00,00:30:00
29,02:05:00,00:30:00
30,02:10:00,00:30:00
31,02:15:00,00:30:00
32,02:20:00,00:30:00
33,02:25:00,00:30:00
34,02:30:00,00:30:00
35,02:35:00,00:30:00
36,02:40:00,00:30:00
37,02:45:00,00:30:00
38,02:50:00,00:30:00
39,02:55:00,00:30:00
40,03:00:00,00:30:00
41,03:05:00,00:30:00
42,03:10:00,00:30:00
43,03:15:00,00:30:00
44,03:20:00,00:30:00
45,03:25:00,00:30:00
46,03:30:00,00:30:00
47,03:35:00,00:30:00
48,03:40:00,00:30:00
49,03:45:00,00:30:00
50,03:50:00,00:30:00
51,03:55:00,00:30:00
52,04:00:00,00:30:00
53,04:05:00,00:30:00
54,04:10:00,00:30:00
55,04:15:00,00:30:00
56,04:20:00,00:30:00
57,04:25:00,00:30:00
58,04:30:00,00:30:00
59,04:35:00,00:30:00
60,04:40:00,00:30:00
61,04:45:00,00:30:00
62,04:50:00,00:30:00
63,04:55:00,00:30:00
64,05:00:00,00:30:00
65,05:05:00,00:30:00
66,05:10:00,00:30:00
67,05:15:00,00:30:00
68,05:20:00,00:30:00
69,05:25:00,00:30:00
70,05:30:00,00:30:00
71,05:35:00,00:30:00
72,05:40:00,00:30:00
73,05:45:00,00:30:00
74,05:50:00,00:30:00
75,05:55:00,00:30:00
76,06:00:00,00:30:00
77,06:05:00,00:30:00
78,06:10:00,00:30:00
79,06:15:00,00:30:00
80,06:20:00,00:30:00
81,06:25:00,00:30:00
82,06:30:00,00:30:00
83,06:35:00,00:30:00
84,06:40:00,00:30:00
85,06:45:00,00:30:00
86,06:50:00,00:30:00
87,06:55:00,00:30:00
88,07:00:00,00:30:00
89,07:05:00,00:30:00
90,07:10:00,00:30:00
91,07:15:00,00:30:00
92,07:20:00,00:30:00
93,07:25:00,00:30:00
94,07:30:00,00:30:00
95,07:35:00,00:30:00
96,07:40:00,00:30:00
97,07:45:00,00:30:00
98,07:50:00,00:30:00
99,07:55:00,00:30:00
100,08:00:00,00:30:00
101,08:05:00,00:30:00
102,08:10:00,00:30:00
103,08:15:00,00:30:00
104,08:20:00,00:30:00
105,08:25:00,00:30:00
106,08:30:00,00:30:00
107,08:35:00,00:30:00
108,08:40:00,00:30:00
109,08:45:00,00:30:00
110,08:50:00,00:30:00
111,08:55:00,00:30:00
112,09:00:00,00:30:00
113,09:05:00,00:30:00
114,09:10:00,00:30:00
115,09:15:00,00:30:00
116,09:20:00,00:30:00
117,09:25:00,00:30:00
118,09:30:00,00:30:00
119,09:35:00,00:30:00
120,09:40:00,00:30:00
121,09:45:00,00:30:00
122,09:50:00,00:30:00
123,09:55:00,00:30:00
124,10:00:00,00:30:00
125,10:05:00,00:30:00
126,10:10:00,00:30:00
127,10:15:00,00:30:00
128,10:20:00,00:30:00
129,10:25:00,00:30:00
130,10:30:00,00:30:00
131,10:35:00,00:30:00
132,10:40:00,00:30:00
133,10:45:00,00:30:00
134,10:50:00,00:30:00
135,10:55:00,00:30:00
136,11:00:00,00:30:00
137,11:05:00,00:30:00
138,11:10:00,00:30:00
139,11:15:00,00:30:00
140,11:20:00,00:30:00
141,11:25:00,00:30:00
142,11:30:00,00:30:00
143,11:35:00,00:30:00
144,11:40:00,00:30:00
145,11:45:00,00:30:00
146,11:50:00,00:30:00
147,11:55:00,00:30:00
148,12:00:00,00:30:00
149,12:05:00,00:30:00
150,12:10:00,00:30:00
151,12:15:00,00:30:00
152,12:20:00,00:30:00
153,12:25:00,00:30:00
154,12:30:00,00:30:00
155,12:35:00,00:30:00
156,12:40:00,00:30:00
157,12:45:00,00:30:00
158,12:50:00,00:30:00
159,12:55:00,00:30:00
160,13:00:00,00:30:00
161,13:05:00,00:30:00
162,13:10:00,00:30:00
163,13:15:00,00:30:00
164,13:20:00,00:30:00
165,13:25:00,00:30:00
166,13:30:00,00:30:00
167,13:35:00,00:30:00
168,13:40:00,00:30:00
169,13:45:00,00:30:00
170,13:50:00,00:30:00
171,13:55:00,00:30:00
172,14:00:00,00:30:00
173,14:05:00,00:30:00
174,14:10:00,00:30:00
175,14:15:00,00:30:00
176,14:20:00,00:30:00
177,14:25:00,00:30:00
178,14:30:00,00:30:00
179,14:35:00,00:30:00
180,14:40:00,00:30:00
181,14:45:00,00:30:00
182,14:50:00,00:30:00
183,14:55:00,00:30:00
184,15:00:00,00:30:00
185,15:05:00,00:30:00
186,15:10:00,00:30:00
187,15:15:00,00:30:00
188,15:20:00,00:30:00
189,15:25:00,00:30:00
190,15:30:00,00:30:00
191,15:35:00,00:30:00
192,15:40:00,00:30:00
193,15:45:00,00:30:00
194,15:50:00,00:30:00
195,15:55:00,00:30:00
196,16:00:00,00:30:00
197,16:05:00,00:30:00
198,16:10:00,00:30:00
199,16:15:00,00:30:00
200,16:20:00,00:30:00
201,16:25:00,00:30:00
202,16:30:00,00:30:00
203,16:35:00,00:30:00
204,16:40:00,00:30:00
205,16:45:00,00:30:00
206,16:50:00,00:30:00
207,16:55:00,00:30:00
208,17:00:00,00:30:00
209,17:05:00,00:30:00
210,17:10:00,00:30:00
211,17:15:00,00:30:00
212,17:20:00,00:30:00
213,17:25:00,00:30:00
214,17:30:00,00:30:00
215,17:35:00,00:30:00
216,17:40:00,00:30:00
217,17:45:00,00:30:00
218,17:50:00,00:30:00
219,17:55:00,00:30:00
220,18:00:00,00:30:00
221,18:05:00,00:30:00
222,18:10:00,00:30:00
223,18:15:00,00:30:00
224,18:20:00,00:30:00
225,18:25:00,00:30:00
226,18:30:00,00:30:00
227,18:35:00,00:30:00
228,18:40:00,00:30:00
229,18:45:00,00:30:00
230,18:50:00,00:30:00
231,18:55:00,00:30:00
232,19:00:00,00:30:00
233,19:05:00,00:30:00
234,19:10:00,00:30:00
235,19:15:00,00:30:00
236,19:20:00,00:30:00
237,19:25:00,00:30:00
238,19:30:00,00:30:00
239,19:35:00,00:30:00
240,19:40:00,00:30:00
241,19:45:00,00:30:00
242,19:50:00,00:30:00
243,19:55:00,00:30:00
244,20:00:00,00:30:00
245,20:05:00,00:30:00
246,20:10:00,00:30:00
247,20:15:00,00:30:00
248,20:20:00,00:30:00
249,20:25:00,00:30:00
250,20:30:00,00:30:00
251,20:35:00,00:30:00
252,20:40:00,00:30:00
253,20:45:00,00:30:00
254,20:50:00,00:30:00
255,20:55:00,00:30:00
256,21:00:00,00:30:00
257,21:05:00,00:30:00
258,21:10:00,00:30:00
259,21:15:00,00:30:00
260,21:20:00,00:30:00
261,21:25:00,00:30:00
262,21:30:00,00:30:00
263,21:35:00,00:30:00
264,21:40:00,00:30:00
265,21:45:00,00:30:00
266,21:50:00,00:30:00
267,21:55:00,00:30:00
268,22:00:00,00:30:00
269,22:05:00,00:30:00
270,22:10:00,00:30:00
271,22:15:00,00:30:00
272,22:20:00,00:30:00
273,22:25:00,00:30:00
274,22:30:00,00:30:00
275,22:35:00,00:30:00
276,22:40:00,00:30:00
277,22:45:00,00:30:00
278,22:50:00,00:30:00
279,22:55:00,00:30:00
280,23:00:00,00:30:00
281,23:05:00,00:30:00
282,23:10:00,00:30:00
283,23:15:00,00:30:00
284,23:20:00,00:30:00
285,23:25:00,00:30:00
286,23:30:00,00:30:00
287,23:35:00,00:30:00
288,23:40:00,00:30:00
289,23:45:00,00:30:00
290,23:50:00,00:30:00
291,23:55:00,00:30:00
